"component","posterior_mean"
"mu1",-3.29088596637208
"mu2",-0.0640471458577308
"mu3",3.96163102846713
