"component","variational_mean","variational_var"
"mu1",-3.29410281053225,0.0120141261691731
"mu2",-0.0643653169986107,0.00931933552476587
"mu3",3.95848127196936,0.00913318226663013
