"parameter","gibbs_posterior_mean","vi_mean"
"mu1",54.7443606129284,54.7445258093474
"mu2",80.280380290044,80.2802163842382
