"parameter","ess","rhat"
"mu1",32539.9856891215,0.999988602723086
"mu2",30665.8968558521,1.00017183229949
